calorie requirement,average sleep duration,bill_length_mm,bill_depth_mm,flipper_length_mm,body_mass_g,year,species_numeric,gender_numeric,species_Adelie,species_Chinstrap,species_Gentoo,gender_Female,gender_Male,calorie requirement_normalised,average sleep duration_normalised,bill_length_mm_normalised,bill_depth_mm_normalised,flipper_length_mm_normalised,body_mass_g_normalised,year_normalised
6563.0,11.0,39.1,18.7,181.0,3750.0,2007.0,0,1,1,0,0,0,1,0.8283238559436772,0.5714285714285714,0.2545454545454545,0.6666666666666666,0.15254237288135594,0.2916666666666667,0.0
4890.0,14.0,39.5,17.4,186.0,3800.0,2007.0,0,0,1,0,0,1,0,0.3753046303818034,1.0,0.26909090909090905,0.5119047619047618,0.23728813559322035,0.3055555555555556,0.0
7184.0,11.0,40.3,18.0,195.0,3250.0,2007.0,0,0,1,0,0,1,0,0.9964798266991606,0.5714285714285714,0.29818181818181805,0.5833333333333334,0.3898305084745763,0.1527777777777778,0.0
4169.0,8.0,45.49,18.02,197.76,4175.463081395348,2007.0,0,1,1,0,0,0,1,0.1800704034660168,0.14285714285714285,0.4869090909090909,0.5857142857142856,0.43661016949152526,0.40985085594315224,0.0
4774.0,8.0,36.7,19.3,193.0,3450.0,2007.0,0,0,1,0,0,1,0,0.3438938532358516,0.14285714285714285,0.16727272727272732,0.7380952380952381,0.3559322033898305,0.20833333333333334,0.0
4403.0,13.0,39.3,20.6,190.0,3650.0,2007.0,0,1,1,0,0,0,1,0.24343352288112646,0.8571428571428571,0.26181818181818167,0.892857142857143,0.3050847457627119,0.2638888888888889,0.0
5071.0,11.0,38.9,17.8,181.0,3625.0,2007.0,0,0,1,0,0,1,0,0.4243162740319523,0.5714285714285714,0.24727272727272717,0.5595238095238096,0.15254237288135594,0.2569444444444444,0.0
6799.0,9.0,39.2,19.6,195.0,4675.0,2007.0,0,1,1,0,0,0,1,0.892228540481993,0.2857142857142857,0.25818181818181823,0.773809523809524,0.3898305084745763,0.5486111111111112,0.0
5593.0,8.0,34.1,18.1,193.0,3475.0,2007.0,0,1,1,0,0,0,1,0.5656647711887355,0.14285714285714285,0.07272727272727272,0.5952380952380955,0.3559322033898305,0.2152777777777778,0.0
6275.0,7.0,42.0,20.2,190.0,4250.0,2007.0,0,1,1,0,0,0,1,0.7503384782020038,0.0,0.35999999999999993,0.8452380952380951,0.3050847457627119,0.4305555555555556,0.0
5135.0,10.0,37.8,17.1,186.0,3300.0,2007.0,0,1,1,0,0,0,1,0.44164635797454643,0.42857142857142855,0.2072727272727271,0.4761904761904764,0.23728813559322035,0.16666666666666666,0.0
6021.0,7.0,37.8,17.3,180.0,3700.0,2007.0,0,1,1,0,0,0,1,0.6815597075548334,0.0,0.2072727272727271,0.5000000000000001,0.13559322033898305,0.2777777777777778,0.0
6644.0,12.0,41.1,17.6,182.0,3200.0,2007.0,0,0,1,0,0,1,0,0.8502572434335229,0.7142857142857143,0.32727272727272727,0.5357142857142859,0.1694915254237288,0.1388888888888889,0.0
4812.0,10.0,38.6,21.2,191.0,3800.0,2007.0,0,1,1,0,0,0,1,0.35418359057676685,0.42857142857142855,0.23636363636363636,0.9642857142857142,0.3220338983050847,0.3055555555555556,0.0
4615.0,9.0,34.6,21.1,198.0,4400.0,2007.0,0,1,1,0,0,0,1,0.3008394259409694,0.2857142857142857,0.09090909090909091,0.9523809523809526,0.4406779661016949,0.4722222222222222,0.0
7028.0,10.0,36.6,17.8,185.0,3700.0,2007.0,0,0,1,0,0,1,0,0.9542377470890875,0.42857142857142855,0.16363636363636364,0.5595238095238096,0.22033898305084745,0.2777777777777778,0.0
3991.0,12.0,38.7,19.0,195.0,3450.0,2007.0,0,0,1,0,0,1,0,0.13187110750067696,0.7142857142857143,0.24000000000000005,0.7023809523809524,0.3898305084745763,0.20833333333333334,0.0
6543.0,8.0,45.49412790697674,20.7,197.0,4500.0,2007.0,0,1,1,0,0,0,1,0.8229082047116165,0.14285714285714285,0.48705919661733604,0.9047619047619047,0.423728813559322,0.5,0.0
5553.0,8.0,34.4,18.4,184.0,3325.0,2007.0,0,0,1,0,0,1,0,0.5548334687246141,0.14285714285714285,0.08363636363636354,0.6309523809523808,0.2033898305084746,0.1736111111111111,0.0
7133.0,7.0,46.0,21.5,194.0,4200.0,2007.0,0,1,1,0,0,0,1,0.982669916057406,0.0,0.5054545454545454,1.0,0.3728813559322034,0.4166666666666667,0.0
4152.0,7.0,37.8,18.3,174.0,3400.0,2007.0,0,0,1,0,0,1,0,0.17546709991876522,0.0,0.2072727272727271,0.6190476190476192,0.03389830508474576,0.19444444444444445,0.0
4138.0,8.0,45.49412790697674,18.7,180.0,3600.0,2007.0,0,1,1,0,0,0,1,0.17167614405632278,0.14285714285714285,0.48705919661733604,0.6666666666666666,0.13559322033898305,0.25,0.0
4017.0,12.0,35.9,19.2,189.0,3800.0,2007.0,0,0,1,0,0,1,0,0.1389114541023558,0.7142857142857143,0.13818181818181807,0.7261904761904762,0.288135593220339,0.3055555555555556,0.0
4538.0,11.0,38.2,18.1,185.0,3950.0,2007.0,0,1,1,0,0,0,1,0.2799891686975359,0.5714285714285714,0.22181818181818186,0.5952380952380955,0.22033898305084745,0.3472222222222222,0.0
6703.0,10.0,38.8,17.2,180.0,3800.0,2007.0,0,1,1,0,0,0,1,0.8662334145681018,0.42857142857142855,0.24363636363636348,0.488095238095238,0.13559322033898305,0.3055555555555556,0.0
5974.0,13.0,35.3,18.9,187.0,3800.0,2007.0,0,0,1,0,0,1,0,0.6688329271594909,0.8571428571428571,0.11636363636363621,0.6904761904761904,0.2542372881355932,0.3055555555555556,0.0
5039.0,8.0,40.6,18.6,183.0,3550.0,2007.0,0,1,1,0,0,0,1,0.4156512320606553,0.14285714285714285,0.3090909090909091,0.654761904761905,0.1864406779661017,0.2361111111111111,0.0
6550.0,8.0,40.5,17.9,187.0,3200.0,2007.0,0,0,1,0,0,1,0,0.8248036826428378,0.14285714285714285,0.3054545454545454,0.5714285714285713,0.2542372881355932,0.1388888888888889,0.0
3900.0,11.0,37.9,18.6,172.0,3150.0,2007.0,0,0,1,0,0,1,0,0.10722989439480098,0.5714285714285714,0.2109090909090908,0.654761904761905,0.0,0.125,0.0
5254.0,7.0,40.5,18.9,180.0,3950.0,2007.0,0,1,1,0,0,0,1,0.47386948280530733,0.0,0.3054545454545454,0.6904761904761904,0.13559322033898305,0.3472222222222222,0.0
5501.0,11.0,39.5,16.7,178.0,3250.0,2007.0,0,0,1,0,0,1,0,0.5407527755212564,0.5714285714285714,0.26909090909090905,0.4285714285714285,0.1016949152542373,0.1527777777777778,0.0
3668.0,10.0,37.2,18.1,178.0,3900.0,2007.0,0,1,1,0,0,0,1,0.044408340102897376,0.42857142857142855,0.1854545454545455,0.5952380952380955,0.1016949152542373,0.3333333333333333,0.0
6701.0,9.0,39.5,17.8,188.0,3300.0,2007.0,0,0,1,0,0,1,0,0.8656918494448957,0.2857142857142857,0.26909090909090905,0.5595238095238096,0.2711864406779661,0.16666666666666666,0.0
6745.0,10.0,40.9,18.9,184.0,3900.0,2007.0,0,1,1,0,0,0,1,0.8776062821554292,0.42857142857142855,0.3199999999999999,0.6904761904761904,0.2033898305084746,0.3333333333333333,0.0
4519.0,14.0,36.4,17.0,195.0,3325.0,2007.0,0,0,1,0,0,1,0,0.27484430002707827,1.0,0.15636363636363626,0.4642857142857143,0.3898305084745763,0.1736111111111111,0.0
4059.0,12.0,39.2,21.1,196.0,4150.0,2007.0,0,1,1,0,0,0,1,0.1502843216896832,0.7142857142857143,0.25818181818181823,0.9523809523809526,0.4067796610169492,0.4027777777777778,0.0
3758.0,7.0,38.8,18.018372093023256,190.0,3950.0,2007.0,0,1,1,0,0,0,1,0.06877877064717032,0.0,0.24363636363636348,0.5855204872646733,0.3050847457627119,0.3472222222222222,0.0
6982.0,9.0,42.2,18.5,180.0,3550.0,2007.0,0,0,1,0,0,1,0,0.941781749255348,0.2857142857142857,0.3672727272727273,0.6428571428571429,0.13559322033898305,0.2361111111111111,0.0
5319.0,7.0,37.6,19.3,181.0,3300.0,2007.0,0,0,1,0,0,1,0,0.49147034930950445,0.0,0.2,0.7380952380952381,0.15254237288135594,0.16666666666666666,0.0
4416.0,7.0,39.8,19.1,184.0,4650.0,2007.0,0,1,1,0,0,0,1,0.2469536961819659,0.0,0.27999999999999986,0.7142857142857144,0.2033898305084746,0.5416666666666666,0.0
6061.0,13.0,36.5,18.0,182.0,3150.0,2007.0,0,0,1,0,0,1,0,0.6923910100189548,0.8571428571428571,0.15999999999999995,0.5833333333333334,0.1694915254237288,0.125,0.0
3828.0,14.0,40.8,18.4,195.0,3900.0,2007.0,0,1,1,0,0,0,1,0.08773354995938261,1.0,0.31636363636363624,0.6309523809523808,0.3898305084745763,0.3333333333333333,0.0
4814.0,9.0,36.0,18.5,186.0,3100.0,2007.0,0,0,1,0,0,1,0,0.3547251556999729,0.2857142857142857,0.14181818181818176,0.6428571428571429,0.23728813559322035,0.1111111111111111,0.0
7108.0,12.0,44.1,19.7,196.0,4400.0,2007.0,0,1,1,0,0,0,1,0.97590035201733,0.7142857142857143,0.43636363636363634,0.7857142857142856,0.4067796610169492,0.4722222222222222,0.0
3950.0,13.0,37.0,16.9,185.0,3000.0,2007.0,0,0,1,0,0,1,0,0.12076902247495261,0.8571428571428571,0.17818181818181814,0.4523809523809522,0.22033898305084745,0.08333333333333333,0.0
5642.0,14.0,39.6,18.8,190.0,4600.0,2007.0,0,1,1,0,0,0,1,0.5789331167072841,1.0,0.2727272727272727,0.6785714285714287,0.3050847457627119,0.5277777777777778,0.0
6338.0,8.0,41.1,19.0,182.0,3425.0,2007.0,0,1,1,0,0,0,1,0.7673977795829948,0.14285714285714285,0.32727272727272727,0.7023809523809524,0.1694915254237288,0.2013888888888889,0.0
5939.0,7.0,37.5,18.9,179.0,2975.0,2007.0,0,1,1,0,0,0,1,0.6593555375033848,0.0,0.19636363636363632,0.6904761904761904,0.11864406779661017,0.0763888888888889,0.0
4650.0,7.0,36.0,17.9,190.0,3450.0,2007.0,0,0,1,0,0,1,0,0.3103168155970755,0.0,0.14181818181818176,0.5714285714285713,0.3050847457627119,0.20833333333333334,0.0
5803.0,12.0,42.3,21.2,191.0,4150.0,2007.0,0,1,1,0,0,0,1,0.6225291091253723,0.7142857142857143,0.37090909090909074,0.9642857142857142,0.3220338983050847,0.4027777777777778,0.0
3970.0,8.0,39.6,17.7,186.0,3500.0,2008.0,0,0,1,0,0,1,0,0.12618467370701328,0.14285714285714285,0.2727272727272727,0.5476190476190476,0.23728813559322035,0.2222222222222222,0.5
4640.0,8.0,40.1,18.9,188.0,4300.0,2008.0,0,1,1,0,0,0,1,0.30760898998104524,0.14285714285714285,0.2909090909090909,0.6904761904761904,0.2711864406779661,0.4444444444444444,0.5
3573.0,8.0,35.0,17.9,190.0,3450.0,2008.0,0,0,1,0,0,1,0,0.01868399675060926,0.14285714285714285,0.1054545454545454,0.5714285714285713,0.3050847457627119,0.20833333333333334,0.5
5575.0,14.0,42.0,19.5,200.0,4050.0,2008.0,0,1,1,0,0,0,1,0.5607906850798808,1.0,0.35999999999999993,0.7619047619047619,0.4745762711864407,0.375,0.5
6267.0,9.0,34.5,18.1,187.0,2900.0,2008.0,0,0,1,0,0,1,0,0.7481722177091795,0.2857142857142857,0.08727272727272722,0.5952380952380955,0.2542372881355932,0.05555555555555555,0.5
5821.0,13.0,41.4,18.6,191.0,3700.0,2008.0,0,1,1,0,0,0,1,0.6274031952342269,0.8571428571428571,0.3381818181818181,0.654761904761905,0.3220338983050847,0.2777777777777778,0.5
4840.0,10.0,39.0,17.5,186.0,3550.0,2008.0,0,0,1,0,0,1,0,0.3617655023016518,0.42857142857142855,0.25090909090909086,0.5238095238095238,0.23728813559322035,0.2361111111111111,0.5
6242.0,7.0,40.6,18.8,193.0,3800.0,2008.0,0,1,1,0,0,0,1,0.7414026536691037,0.0,0.3090909090909091,0.6785714285714287,0.3559322033898305,0.3055555555555556,0.5
4590.0,10.0,36.5,16.6,181.0,2850.0,2008.0,0,0,1,0,0,1,0,0.29406986190089357,0.42857142857142855,0.15999999999999995,0.41666666666666685,0.15254237288135594,0.041666666666666664,0.5
4993.0,13.0,37.6,19.1,194.0,3750.0,2008.0,0,1,1,0,0,0,1,0.4031952342269158,0.8571428571428571,0.2,0.7142857142857144,0.3728813559322034,0.2916666666666667,0.5
6695.0,10.0,35.7,16.9,185.0,3150.0,2008.0,0,0,1,0,0,1,0,0.8640671540752776,0.42857142857142855,0.13090909090909095,0.4523809523809522,0.22033898305084745,0.125,0.5
3719.0,13.0,41.3,21.1,195.0,4400.0,2008.0,0,1,1,0,0,0,1,0.05821825074465205,0.8571428571428571,0.33454545454545437,0.9523809523809526,0.3898305084745763,0.4722222222222222,0.5
5205.0,7.0,37.6,17.0,185.0,3600.0,2008.0,0,0,1,0,0,1,0,0.4606011372867587,0.0,0.2,0.4642857142857143,0.22033898305084745,0.25,0.5
4300.0,8.0,41.1,18.2,192.0,4050.0,2008.0,0,1,1,0,0,0,1,0.21554291903601408,0.14285714285714285,0.32727272727272727,0.6071428571428571,0.3389830508474576,0.375,0.5
6395.0,12.0,36.4,17.1,184.0,2850.0,2008.0,0,0,1,0,0,1,0,0.7828323855943677,0.7142857142857143,0.15636363636363626,0.4761904761904764,0.2033898305084746,0.041666666666666664,0.5
6659.0,12.0,41.6,18.0,192.0,3950.0,2008.0,0,1,1,0,0,0,1,0.8543189818575684,0.7142857142857143,0.34545454545454546,0.5833333333333334,0.3389830508474576,0.3472222222222222,0.5
4158.0,7.0,35.5,16.2,195.0,3350.0,2008.0,0,0,1,0,0,1,0,0.17709179528838342,0.0,0.12363636363636359,0.369047619047619,0.3898305084745763,0.18055555555555555,0.5
6614.0,11.0,41.1,19.1,188.0,4100.0,2008.0,0,1,1,0,0,0,1,0.8421337665854319,0.5714285714285714,0.32727272727272727,0.7142857142857144,0.2711864406779661,0.3888888888888889,0.5
5738.0,10.0,35.9,16.6,190.0,3050.0,2008.0,0,0,1,0,0,1,0,0.6049282426211752,0.42857142857142855,0.13818181818181807,0.41666666666666685,0.3050847457627119,0.09722222222222222,0.5
4721.0,10.0,41.8,19.4,198.0,4450.0,2008.0,0,1,1,0,0,0,1,0.3295423774708909,0.42857142857142855,0.35272727272727256,0.7499999999999999,0.4406779661016949,0.4861111111111111,0.5
3767.0,9.0,33.5,19.0,190.0,3600.0,2008.0,0,0,1,0,0,1,0,0.07121581370159762,0.2857142857142857,0.050909090909090855,0.7023809523809524,0.3050847457627119,0.25,0.5
3994.0,9.0,39.7,18.4,190.0,3900.0,2008.0,0,1,1,0,0,0,1,0.13268345518548605,0.2857142857142857,0.2763636363636364,0.6309523809523808,0.3050847457627119,0.3333333333333333,0.5
3955.0,12.0,45.49412790697674,17.2,196.0,4175.46,2008.0,0,1,1,0,0,0,1,0.12212293528296778,0.7142857142857143,0.48705919661733604,0.488095238095238,0.4067796610169492,0.40985,0.5
3826.0,13.0,45.8,18.9,197.0,4150.0,2008.0,0,1,1,0,0,0,1,0.08719198483617654,0.8571428571428571,0.498181818181818,0.6904761904761904,0.423728813559322,0.4027777777777778,0.5
4092.0,9.0,35.5,17.5,190.0,3700.0,2008.0,0,0,1,0,0,1,0,0.15922014622258326,0.2857142857142857,0.12363636363636359,0.5238095238095238,0.3050847457627119,0.2777777777777778,0.5
5402.0,7.0,42.8,18.5,195.0,4250.0,2008.0,0,1,1,0,0,0,1,0.5139453019225562,0.0,0.38909090909090893,0.6428571428571429,0.3898305084745763,0.4305555555555556,0.5
6489.0,8.0,40.9,16.8,191.0,3700.0,2008.0,0,0,1,0,0,1,0,0.8082859463850528,0.14285714285714285,0.3199999999999999,0.4404761904761906,0.3220338983050847,0.2777777777777778,0.5
4879.0,10.0,37.2,19.4,184.0,3900.0,2008.0,0,1,1,0,0,0,1,0.37232602220417005,0.42857142857142855,0.1854545454545455,0.7499999999999999,0.2033898305084746,0.3333333333333333,0.5
7174.0,14.0,36.2,16.1,187.0,3550.0,2008.0,0,0,1,0,0,1,0,0.9937720010831302,1.0,0.14909090909090914,0.3571428571428573,0.2542372881355932,0.2361111111111111,0.5
4755.0,10.0,42.1,19.1,195.0,4000.0,2008.0,0,1,1,0,0,0,1,0.338748984565394,0.42857142857142855,0.36363636363636365,0.7142857142857144,0.3898305084745763,0.3611111111111111,0.5
4863.0,8.0,34.6,17.2,189.0,3200.0,2008.0,0,0,1,0,0,1,0,0.36799350121852153,0.14285714285714285,0.09090909090909091,0.488095238095238,0.288135593220339,0.1388888888888889,0.5
4439.0,14.0,42.9,17.6,196.0,4700.0,2008.0,0,1,1,0,0,0,1,0.25318169509883565,1.0,0.39272727272727265,0.5357142857142859,0.4067796610169492,0.5555555555555556,0.5
4299.0,13.0,36.7,18.8,187.0,3800.0,2008.0,0,0,1,0,0,1,0,0.21527213647441104,0.8571428571428571,0.16727272727272732,0.6785714285714287,0.2542372881355932,0.3055555555555556,0.5
4858.0,13.0,35.1,18.02,197.76,4200.0,2008.0,0,1,1,0,0,0,1,0.36663958841050637,0.8571428571428571,0.10909090909090909,0.5857142857142856,0.43661016949152526,0.4166666666666667,0.5
4376.0,10.0,37.3,17.8,191.0,3350.0,2008.0,0,0,1,0,0,1,0,0.23612239371784458,0.42857142857142855,0.18909090909090895,0.5595238095238096,0.3220338983050847,0.18055555555555555,0.5
4694.0,8.0,41.3,20.3,194.0,3550.0,2008.0,0,1,1,0,0,0,1,0.32223124830760896,0.14285714285714285,0.33454545454545437,0.8571428571428572,0.3728813559322034,0.2361111111111111,0.5
4930.0,13.0,36.3,19.5,190.0,3800.0,2008.0,0,1,1,0,0,0,1,0.38613593284592473,0.8571428571428571,0.15272727272727257,0.7619047619047619,0.3050847457627119,0.3055555555555556,0.5
4283.0,10.0,36.9,18.6,189.0,3500.0,2008.0,0,0,1,0,0,1,0,0.21093961548876253,0.42857142857142855,0.17454545454545445,0.654761904761905,0.288135593220339,0.2222222222222222,0.5
5919.0,9.0,38.3,19.2,189.0,3950.0,2008.0,0,1,1,0,0,0,1,0.6539398862713242,0.2857142857142857,0.2254545454545453,0.7261904761904762,0.288135593220339,0.3472222222222222,0.5
3504.0,12.0,38.9,18.8,190.0,3600.0,2008.0,0,0,1,0,0,1,0,0.0,0.7142857142857143,0.24727272727272717,0.6785714285714287,0.3050847457627119,0.25,0.5
5343.0,14.0,35.7,18.0,202.0,3550.0,2008.0,0,0,1,0,0,1,0,0.4979691307879773,1.0,0.13090909090909095,0.5833333333333334,0.5084745762711864,0.2361111111111111,0.5
6557.0,11.0,41.1,18.1,205.0,4300.0,2008.0,0,1,1,0,0,0,1,0.826699160574059,0.5714285714285714,0.32727272727272727,0.5952380952380955,0.559322033898305,0.4444444444444444,0.5
4612.0,12.0,45.49412790697674,17.1,197.76476744186047,3400.0,2008.0,0,0,1,0,0,1,0,0.3000270782561603,0.7142857142857143,0.48705919661733604,0.4761904761904764,0.43669097359085546,0.19444444444444445,0.5
6507.0,11.0,39.6,18.1,186.0,4450.0,2008.0,0,1,1,0,0,0,1,0.8131600324939074,0.5714285714285714,0.2727272727272727,0.5952380952380955,0.23728813559322035,0.4861111111111111,0.5
5415.0,13.0,36.2,17.3,187.0,3300.0,2008.0,0,0,1,0,0,1,0,0.5174654752233956,0.8571428571428571,0.14909090909090914,0.5000000000000001,0.2542372881355932,0.16666666666666666,0.5
5012.0,10.0,40.8,18.9,208.0,4300.0,2008.0,0,1,1,0,0,0,1,0.40834010289737344,0.42857142857142855,0.31636363636363624,0.6904761904761904,0.6101694915254238,0.4444444444444444,0.5
6454.0,9.0,38.1,18.6,190.0,3700.0,2008.0,0,0,1,0,0,1,0,0.7988085567289467,0.2857142857142857,0.21818181818181817,0.654761904761905,0.3050847457627119,0.2777777777777778,0.5
3904.0,13.0,40.3,18.5,196.0,4350.0,2008.0,0,1,1,0,0,0,1,0.1083130246412131,0.8571428571428571,0.29818181818181805,0.6428571428571429,0.4067796610169492,0.4583333333333333,0.5
6156.0,8.0,33.1,16.1,178.0,2900.0,2008.0,0,0,1,0,0,1,0,0.7181153533712429,0.14285714285714285,0.03636363636363636,0.3571428571428573,0.1016949152542373,0.05555555555555555,0.5
6886.0,8.0,43.2,18.5,192.0,4100.0,2008.0,0,1,1,0,0,0,1,0.9157866233414568,0.14285714285714285,0.4036363636363637,0.6428571428571429,0.3389830508474576,0.3888888888888889,0.5
3857.0,11.0,35.0,17.9,192.0,3725.0,2009.0,0,0,1,0,0,1,0,0.09558624424587056,0.5714285714285714,0.1054545454545454,0.5714285714285713,0.3389830508474576,0.2847222222222222,1.0
5231.0,10.0,41.0,20.0,203.0,4725.0,2009.0,0,1,1,0,0,0,1,0.46764148388843757,0.42857142857142855,0.3236363636363636,0.8214285714285714,0.5254237288135594,0.5625,1.0
6260.0,7.0,37.7,16.0,183.0,3075.0,2009.0,0,0,1,0,0,1,0,0.7462767397779583,0.0,0.2036363636363637,0.3452380952380953,0.1864406779661017,0.10416666666666667,1.0
7141.0,8.0,37.8,20.0,190.0,4250.0,2009.0,0,1,1,0,0,0,1,0.9848361765502301,0.14285714285714285,0.2072727272727271,0.8214285714285714,0.3050847457627119,0.4305555555555556,1.0
4658.0,12.0,37.9,18.6,193.0,2925.0,2009.0,0,0,1,0,0,1,0,0.31248307608989984,0.7142857142857143,0.2109090909090908,0.654761904761905,0.3559322033898305,0.0625,1.0
4957.0,10.0,39.7,18.9,184.0,3550.0,2009.0,0,1,1,0,0,0,1,0.3934470620092066,0.42857142857142855,0.2763636363636364,0.6904761904761904,0.2033898305084746,0.2361111111111111,1.0
6733.0,13.0,38.6,17.2,199.0,3750.0,2009.0,0,0,1,0,0,1,0,0.8743568914161928,0.8571428571428571,0.23636363636363636,0.488095238095238,0.4576271186440678,0.2916666666666667,1.0
6014.0,10.0,38.2,20.0,190.0,3900.0,2009.0,0,1,1,0,0,0,1,0.6796642296236123,0.42857142857142855,0.22181818181818186,0.8214285714285714,0.3050847457627119,0.3333333333333333,1.0
4334.0,12.0,38.1,17.0,181.0,3175.0,2009.0,0,0,1,0,0,1,0,0.22474952613051719,0.7142857142857143,0.21818181818181817,0.4642857142857143,0.15254237288135594,0.13194444444444445,1.0
5010.0,14.0,43.2,19.0,197.0,4775.0,2009.0,0,1,1,0,0,0,1,0.40779853777416736,1.0,0.4036363636363637,0.7023809523809524,0.423728813559322,0.5763888888888888,1.0
6122.0,13.0,38.1,16.5,198.0,3825.0,2009.0,0,0,1,0,0,1,0,0.7089087462767398,0.8571428571428571,0.21818181818181817,0.40476190476190477,0.4406779661016949,0.3125,1.0
6118.0,14.0,45.6,20.3,191.0,4600.0,2009.0,0,1,1,0,0,0,1,0.7078256160303277,1.0,0.4909090909090909,0.8571428571428572,0.3220338983050847,0.5277777777777778,1.0
5610.0,11.0,39.7,17.7,193.0,3200.0,2009.0,0,0,1,0,0,1,0,0.570268074735987,0.5714285714285714,0.2763636363636364,0.5476190476190476,0.3559322033898305,0.1388888888888889,1.0
6019.0,14.0,42.2,19.5,197.0,4275.0,2009.0,0,1,1,0,0,0,1,0.6810181424316274,1.0,0.3672727272727273,0.7619047619047619,0.423728813559322,0.4375,1.0
4532.0,11.0,39.6,20.7,191.0,3900.0,2009.0,0,0,1,0,0,1,0,0.2783644733279177,0.5714285714285714,0.2727272727272727,0.9047619047619047,0.3220338983050847,0.3333333333333333,1.0
4826.0,11.0,42.7,18.3,196.0,4075.0,2009.0,0,1,1,0,0,0,1,0.35797454643920934,0.5714285714285714,0.3854545454545455,0.6190476190476192,0.4067796610169492,0.3819444444444444,1.0
5580.0,12.0,45.49,18.018372093023256,188.0,2900.0,2009.0,0,0,1,0,0,1,0,0.5621445978878961,0.7142857142857143,0.4869090909090909,0.5855204872646733,0.2711864406779661,0.05555555555555555,1.0
4731.0,12.0,37.3,20.5,199.0,3775.0,2009.0,0,1,1,0,0,0,1,0.3322502030869212,0.7142857142857143,0.18909090909090895,0.8809523809523809,0.4576271186440678,0.2986111111111111,1.0
5299.0,14.0,35.7,17.0,189.0,3350.0,2009.0,0,0,1,0,0,1,0,0.48605469807744384,1.0,0.13090909090909095,0.4642857142857143,0.288135593220339,0.18055555555555555,1.0
4695.0,11.0,41.1,18.6,189.0,3325.0,2009.0,0,1,1,0,0,0,1,0.32250203086921203,0.5714285714285714,0.32727272727272727,0.654761904761905,0.288135593220339,0.1736111111111111,1.0
5641.0,13.0,36.2,17.2,187.0,3150.0,2009.0,0,0,1,0,0,1,0,0.578662334145681,0.8571428571428571,0.14909090909090914,0.488095238095238,0.2542372881355932,0.125,1.0
4294.0,13.0,45.49,18.02,197.76476744186047,3500.0,2009.0,0,1,1,0,0,0,1,0.21391822366639587,0.8571428571428571,0.4869090909090909,0.5857142857142856,0.43669097359085546,0.2222222222222222,1.0
5584.0,14.0,40.2,17.0,176.0,3450.0,2009.0,0,0,1,0,0,1,0,0.5632277281343081,1.0,0.2945454545454546,0.4642857142857143,0.06779661016949153,0.20833333333333334,1.0
6630.0,7.0,41.4,18.5,202.0,3875.0,2009.0,0,1,1,0,0,0,1,0.8464662875710804,0.0,0.3381818181818181,0.6428571428571429,0.5084745762711864,0.3263888888888889,1.0
6762.0,14.0,35.2,15.9,186.0,3050.0,2009.0,0,0,1,0,0,1,0,0.8822095857026807,1.0,0.11272727272727277,0.3333333333333334,0.23728813559322035,0.09722222222222222,1.0
4716.0,12.0,40.6,19.0,199.0,4000.0,2009.0,0,1,1,0,0,0,1,0.3281884646628757,0.7142857142857143,0.3090909090909091,0.7023809523809524,0.4576271186440678,0.3611111111111111,1.0
3717.0,11.0,38.8,17.6,191.0,3275.0,2009.0,0,0,1,0,0,1,0,0.057676685621445976,0.5714285714285714,0.24363636363636348,0.5357142857142859,0.3220338983050847,0.1597222222222222,1.0
7032.0,9.0,41.5,18.3,195.0,4300.0,2009.0,0,1,1,0,0,0,1,0.9553208773354996,0.2857142857142857,0.34181818181818174,0.6190476190476192,0.3898305084745763,0.4444444444444444,1.0
5896.0,7.0,39.0,17.1,191.0,3050.0,2009.0,0,0,1,0,0,1,0,0.6477118873544544,0.0,0.25090909090909086,0.4761904761904764,0.3220338983050847,0.09722222222222222,1.0
3810.0,14.0,44.1,18.0,210.0,4000.0,2009.0,0,1,1,0,0,0,1,0.08285946385052803,1.0,0.43636363636363634,0.5833333333333334,0.6440677966101694,0.3611111111111111,1.0
7056.0,10.0,38.5,17.9,190.0,3325.0,2009.0,0,0,1,0,0,1,0,0.9618196588139724,0.42857142857142855,0.23272727272727267,0.5714285714285713,0.3050847457627119,0.1736111111111111,1.0
5141.0,14.0,43.1,19.2,197.0,3500.0,2009.0,0,1,1,0,0,0,1,0.4432710533441646,1.0,0.4,0.7261904761904762,0.423728813559322,0.2222222222222222,1.0
4717.0,7.0,36.8,18.5,193.0,3500.0,2009.0,0,0,1,0,0,1,0,0.3284592472244787,0.0,0.17090909090909076,0.6428571428571429,0.3559322033898305,0.2222222222222222,1.0
6243.0,14.0,37.5,18.5,199.0,4475.0,2009.0,0,1,1,0,0,0,1,0.7416734362307067,1.0,0.19636363636363632,0.6428571428571429,0.4576271186440678,0.4930555555555556,1.0
3840.0,13.0,38.1,17.6,187.0,3425.0,2009.0,0,0,1,0,0,1,0,0.09098294069861901,0.8571428571428571,0.21818181818181817,0.5357142857142859,0.2542372881355932,0.2013888888888889,1.0
6605.0,9.0,45.49,18.02,190.0,4175.46,2009.0,0,1,1,0,0,0,1,0.8396967235310046,0.2857142857142857,0.4869090909090909,0.5857142857142856,0.3050847457627119,0.40985,1.0
5764.0,14.0,35.6,17.5,191.0,3175.0,2009.0,0,0,1,0,0,1,0,0.611968589222854,1.0,0.12727272727272726,0.5238095238095238,0.3220338983050847,0.13194444444444445,1.0
6985.0,9.0,40.2,20.1,200.0,3975.0,2009.0,0,1,1,0,0,0,1,0.9425940969401571,0.2857142857142857,0.2945454545454546,0.8333333333333335,0.4745762711864407,0.3541666666666667,1.0
6156.0,9.0,37.0,16.5,185.0,3400.0,2009.0,0,0,1,0,0,1,0,0.7181153533712429,0.2857142857142857,0.17818181818181814,0.40476190476190477,0.22033898305084745,0.19444444444444445,1.0
5040.0,14.0,39.7,17.9,193.0,4250.0,2009.0,0,1,1,0,0,0,1,0.4159220146222583,1.0,0.2763636363636364,0.5714285714285713,0.3559322033898305,0.4305555555555556,1.0
3997.0,12.0,40.2,17.1,193.0,3400.0,2009.0,0,0,1,0,0,1,0,0.13349580287029517,0.7142857142857143,0.2945454545454546,0.4761904761904764,0.3559322033898305,0.19444444444444445,1.0
6844.0,10.0,40.6,17.2,187.0,3475.0,2009.0,0,1,1,0,0,0,1,0.9044137557541294,0.42857142857142855,0.3090909090909091,0.488095238095238,0.2542372881355932,0.2152777777777778,1.0
4667.0,11.0,32.1,15.5,188.0,3050.0,2009.0,0,0,1,0,0,1,0,0.3149201191443271,0.5714285714285714,0.0,0.28571428571428575,0.2711864406779661,0.09722222222222222,1.0
6062.0,10.0,40.7,17.0,190.0,3725.0,2009.0,0,1,1,0,0,0,1,0.6926617925805578,0.42857142857142855,0.3127272727272728,0.4642857142857143,0.3050847457627119,0.2847222222222222,1.0
3648.0,7.0,37.3,16.8,192.0,3000.0,2009.0,0,0,1,0,0,1,0,0.03899268887083672,0.0,0.18909090909090895,0.4404761904761906,0.3389830508474576,0.08333333333333333,1.0
6856.0,8.0,39.0,18.7,185.0,3650.0,2009.0,0,1,1,0,0,0,1,0.9076631464933659,0.14285714285714285,0.25090909090909086,0.6666666666666666,0.22033898305084745,0.2638888888888889,1.0
5755.0,12.0,39.2,18.6,190.0,4250.0,2009.0,0,1,1,0,0,0,1,0.6095315461684268,0.7142857142857143,0.25818181818181823,0.654761904761905,0.3050847457627119,0.4305555555555556,1.0
6356.0,10.0,45.49412790697674,18.4,184.0,3475.0,2009.0,0,1,1,0,0,0,1,0.7722718656918495,0.42857142857142855,0.48705919661733604,0.6309523809523808,0.2033898305084746,0.2152777777777778,1.0
3859.0,7.0,36.0,17.8,195.0,3450.0,2009.0,0,0,1,0,0,1,0,0.09612780936907662,0.0,0.14181818181818176,0.5595238095238096,0.3898305084745763,0.20833333333333334,1.0
3563.0,8.0,37.8,18.1,193.0,3750.0,2009.0,0,1,1,0,0,0,1,0.015976171134578932,0.14285714285714285,0.2072727272727271,0.5952380952380955,0.3559322033898305,0.2916666666666667,1.0
4315.0,9.0,36.0,17.1,187.0,3700.0,2009.0,0,0,1,0,0,1,0,0.21960465746005958,0.2857142857142857,0.14181818181818176,0.4761904761904764,0.2542372881355932,0.2777777777777778,1.0
4060.0,12.0,41.5,18.5,201.0,4000.0,2009.0,0,1,1,0,0,0,1,0.1505551042512862,0.7142857142857143,0.34181818181818174,0.6428571428571429,0.4915254237288136,0.3611111111111111,1.0
6594.0,12.0,46.1,13.2,211.0,4500.0,2007.0,2,0,0,0,1,1,0,0.8367181153533713,0.7142857142857143,0.509090909090909,0.011904761904761862,0.6610169491525424,0.5,0.0
4403.0,11.0,50.0,16.3,230.0,5700.0,2007.0,2,1,0,0,1,0,1,0.24343352288112646,0.5714285714285714,0.6509090909090909,0.38095238095238104,0.9830508474576272,0.8333333333333334,0.0
4841.0,10.0,48.7,18.02,210.0,4450.0,2007.0,2,1,0,0,1,0,1,0.3620362848632548,0.42857142857142855,0.6036363636363636,0.5857142857142856,0.6440677966101694,0.4861111111111111,0.0
3916.0,14.0,50.0,15.2,218.0,5700.0,2007.0,2,1,0,0,1,0,1,0.1115624153804495,1.0,0.6509090909090909,0.24999999999999994,0.7796610169491526,0.8333333333333334,0.0
4462.0,11.0,47.6,14.5,215.0,5400.0,2007.0,2,1,0,0,1,0,1,0.2594096940157054,0.5714285714285714,0.5636363636363636,0.1666666666666667,0.7288135593220338,0.75,0.0
6503.0,8.0,46.5,13.5,210.0,4550.0,2007.0,2,0,0,0,1,1,0,0.8120769022474953,0.14285714285714285,0.5236363636363636,0.04761904761904766,0.6440677966101694,0.5138888888888888,0.0
6147.0,11.0,45.4,14.6,211.0,4800.0,2007.0,2,0,0,0,1,1,0,0.7156783103168156,0.5714285714285714,0.48363636363636353,0.17857142857142858,0.6610169491525424,0.5833333333333334,0.0
6033.0,13.0,46.7,15.3,219.0,5200.0,2007.0,2,1,0,0,1,0,1,0.6848090982940699,0.8571428571428571,0.530909090909091,0.26190476190476203,0.7966101694915254,0.6944444444444444,0.0
6694.0,10.0,43.3,13.4,209.0,4400.0,2007.0,2,0,0,0,1,1,0,0.8637963715136745,0.42857142857142855,0.4072727272727271,0.035714285714285796,0.6271186440677966,0.4722222222222222,0.0
4743.0,12.0,46.8,18.018372093023256,215.0,5150.0,2007.0,2,1,0,0,1,0,1,0.33549959382615757,0.7142857142857143,0.5345454545454544,0.5855204872646733,0.7288135593220338,0.6805555555555556,0.0
5699.0,7.0,40.9,13.7,214.0,4650.0,2007.0,2,0,0,0,1,1,0,0.5943677227186569,0.0,0.3199999999999999,0.07142857142857138,0.711864406779661,0.5416666666666666,0.0
5103.0,14.0,49.0,16.1,216.0,5550.0,2007.0,2,1,0,0,1,0,1,0.4329813160032494,1.0,0.6145454545454545,0.3571428571428573,0.7457627118644068,0.7916666666666666,0.0
7157.0,10.0,45.5,13.7,214.0,4650.0,2007.0,2,0,0,0,1,1,0,0.9891686975358787,0.42857142857142855,0.48727272727272725,0.07142857142857138,0.711864406779661,0.5416666666666666,0.0
6321.0,13.0,48.4,14.6,213.0,5850.0,2007.0,2,1,0,0,1,0,1,0.7627944760357434,0.8571428571428571,0.5927272727272727,0.17857142857142858,0.6949152542372882,0.875,0.0
6421.0,11.0,45.8,14.6,210.0,4200.0,2007.0,2,0,0,0,1,1,0,0.7898727321960466,0.5714285714285714,0.498181818181818,0.17857142857142858,0.6440677966101694,0.4166666666666667,0.0
4325.0,14.0,49.3,15.7,217.0,5850.0,2007.0,2,1,0,0,1,0,1,0.2223124830760899,1.0,0.6254545454545453,0.3095238095238095,0.7627118644067796,0.875,0.0
4709.0,13.0,42.0,13.5,210.0,4150.0,2007.0,2,0,0,0,1,1,0,0.32629298673165447,0.8571428571428571,0.35999999999999993,0.04761904761904766,0.6440677966101694,0.4027777777777778,0.0
3677.0,9.0,49.2,15.2,221.0,6300.0,2007.0,2,1,0,0,1,0,1,0.04684538315732467,0.2857142857142857,0.6218181818181818,0.24999999999999994,0.8305084745762712,1.0,0.0
5294.0,13.0,46.2,14.5,209.0,4800.0,2007.0,2,0,0,0,1,1,0,0.48470078526942867,0.8571428571428571,0.5127272727272728,0.1666666666666667,0.6271186440677966,0.5833333333333334,0.0
6942.0,12.0,48.7,15.1,222.0,5350.0,2008.04,0,1,1,0,0,0,1,0.9309504467912266,0.7142857142857143,0.6036363636363636,0.23809523809523808,0.847457627118644,0.7361111111111112,0.5199999999999818
5014.0,11.0,50.2,14.3,218.0,5700.0,2007.0,2,1,0,0,1,0,1,0.40888166802057946,0.5714285714285714,0.6581818181818182,0.142857142857143,0.7796610169491526,0.8333333333333334,0.0
7074.0,7.0,45.49,14.5,197.76476744186047,4175.46,2008.04,0,0,1,0,0,1,0,0.966693744922827,0.0,0.4869090909090909,0.1666666666666667,0.43669097359085546,0.40985,0.5199999999999818
6162.0,9.0,46.5,14.5,213.0,4400.0,2007.0,2,0,0,0,1,1,0,0.7197400487408611,0.2857142857142857,0.5236363636363636,0.1666666666666667,0.6949152542372882,0.4722222222222222,0.0
4451.0,9.0,46.3,15.8,215.0,5050.0,2007.0,2,1,0,0,1,0,1,0.256431085838072,0.2857142857142857,0.5163636363636362,0.32142857142857156,0.7288135593220338,0.6527777777777778,0.0
4452.0,9.0,42.9,13.1,215.0,5000.0,2007.0,2,0,0,0,1,1,0,0.25670186839967507,0.2857142857142857,0.39272727272727265,0.0,0.7288135593220338,0.6388888888888888,0.0
4232.0,11.0,46.1,15.1,215.0,5100.0,2007.0,2,1,0,0,1,0,1,0.19712970484700784,0.5714285714285714,0.509090909090909,0.23809523809523808,0.7288135593220338,0.6666666666666666,0.0
4001.0,13.0,44.5,14.3,216.0,4100.0,2007.0,2,1,0,0,1,0,1,0.1345789331167073,0.8571428571428571,0.45090909090909087,0.142857142857143,0.7457627118644068,0.3888888888888889,0.0
3533.0,12.0,47.8,15.0,215.0,5650.0,2007.0,2,1,0,0,1,0,1,0.00785269428648795,0.7142857142857143,0.5709090909090907,0.22619047619047622,0.7288135593220338,0.8194444444444444,0.0
6475.0,9.0,48.2,14.3,210.0,4600.0,2007.0,2,0,0,0,1,1,0,0.8044949905226103,0.2857142857142857,0.5854545454545456,0.142857142857143,0.6440677966101694,0.5277777777777778,0.0
5209.0,14.0,50.0,15.3,220.0,5550.0,2007.0,2,1,0,0,1,0,1,0.4616842675331709,1.0,0.6509090909090909,0.26190476190476203,0.8135593220338984,0.7916666666666666,0.0
4833.0,12.0,47.3,15.3,222.0,5250.0,2007.0,2,1,0,0,1,0,1,0.35987002437043053,0.7142857142857143,0.5527272727272726,0.26190476190476203,0.847457627118644,0.7083333333333334,0.0
6978.0,9.0,42.8,14.2,209.0,4700.0,2007.0,2,0,0,0,1,1,0,0.9406986190089358,0.2857142857142857,0.38909090909090893,0.1309523809523809,0.6271186440677966,0.5555555555555556,0.0
6690.0,9.0,45.1,14.5,207.0,5050.0,2007.0,2,0,0,0,1,1,0,0.8627132412672623,0.2857142857142857,0.4727272727272727,0.1666666666666667,0.5932203389830508,0.6527777777777778,0.0
6230.0,11.0,59.6,17.0,230.0,6050.0,2007.0,2,1,0,0,1,0,1,0.7381532629298673,0.5714285714285714,1.0,0.4642857142857143,0.9830508474576272,0.9305555555555556,0.0
5154.0,14.0,49.1,14.8,220.0,5150.0,2008.0,2,0,0,0,1,1,0,0.44679122664500404,1.0,0.6181818181818182,0.2023809523809525,0.8135593220338984,0.6805555555555556,0.5
5473.0,9.0,48.4,16.3,220.0,5400.0,2008.0,2,1,0,0,1,0,1,0.5331708637963715,0.2857142857142857,0.5927272727272727,0.38095238095238104,0.8135593220338984,0.75,0.5
4787.0,9.0,42.6,13.7,213.0,4950.0,2008.0,2,0,0,0,1,1,0,0.347414026536691,0.2857142857142857,0.38181818181818183,0.07142857142857138,0.6949152542372882,0.625,0.5
4658.0,12.0,44.4,17.3,219.0,5250.0,2008.0,2,1,0,0,1,0,1,0.31248307608989984,0.7142857142857143,0.44727272727272716,0.5000000000000001,0.7966101694915254,0.7083333333333334,0.5
3710.0,7.0,44.0,13.6,197.76,4350.0,2008.0,2,0,0,0,1,1,0,0.05578120769022475,0.0,0.4327272727272727,0.05952380952380952,0.43661016949152526,0.4583333333333333,0.5
4504.0,11.0,48.7,15.7,208.0,5350.0,2008.0,2,1,0,0,1,0,1,0.27078256160303277,0.5714285714285714,0.6036363636363636,0.3095238095238095,0.6101694915254238,0.7361111111111112,0.5
5046.0,12.0,42.7,13.7,208.0,3950.0,2008.0,2,0,0,0,1,1,0,0.41754670999187654,0.7142857142857143,0.3854545454545455,0.07142857142857138,0.6101694915254238,0.3472222222222222,0.5
6542.0,8.0,49.6,16.0,225.0,5700.0,2008.0,0,1,1,0,0,0,1,0.8226374221500136,0.14285714285714285,0.6363636363636364,0.3452380952380953,0.8983050847457628,0.8333333333333334,0.5
6195.0,11.0,45.3,13.7,210.0,4300.0,2008.0,2,0,0,0,1,1,0,0.7286758732737612,0.5714285714285714,0.47999999999999987,0.07142857142857138,0.6440677966101694,0.4444444444444444,0.5
3951.0,10.0,49.6,15.0,216.0,4750.0,2008.0,2,1,0,0,1,0,1,0.12103980503655565,0.42857142857142855,0.6363636363636364,0.22619047619047622,0.7457627118644068,0.5694444444444444,0.5
6445.0,11.0,50.5,15.9,222.0,5550.0,2008.0,2,1,0,0,1,0,1,0.7963715136745194,0.5714285714285714,0.6690909090909091,0.3333333333333334,0.847457627118644,0.7916666666666666,0.5
6018.0,10.0,43.6,13.9,217.0,4900.0,2008.0,2,0,0,0,1,1,0,0.6807473598700243,0.42857142857142855,0.41818181818181815,0.09523809523809532,0.7627118644067796,0.6111111111111112,0.5
3849.0,11.0,45.5,13.9,210.0,4200.0,2008.0,2,0,0,0,1,1,0,0.0934199837530463,0.5714285714285714,0.48727272727272725,0.09523809523809532,0.6440677966101694,0.4166666666666667,0.5
5320.0,7.0,50.5,15.9,225.0,5400.0,2008.0,2,1,0,0,1,0,1,0.4917411318711075,0.0,0.6690909090909091,0.3333333333333334,0.8983050847457628,0.75,0.5
6705.0,9.0,44.9,13.3,213.0,5100.0,2008.0,2,0,0,0,1,1,0,0.8667749796913079,0.2857142857142857,0.46545454545454534,0.023809523809523937,0.6949152542372882,0.6666666666666666,0.5
7196.0,9.0,45.2,15.8,215.0,5300.0,2008.0,2,1,0,0,1,0,1,0.9997292174383969,0.2857142857142857,0.47636363636363643,0.32142857142857156,0.7288135593220338,0.7222222222222222,0.5
4586.0,14.0,46.6,14.2,210.0,4850.0,2008.0,2,0,0,0,1,1,0,0.29298673165448147,1.0,0.5272727272727272,0.1309523809523809,0.6440677966101694,0.5972222222222222,0.5
5010.0,8.0,48.5,14.1,220.0,5300.0,2008.0,2,1,0,0,1,0,1,0.40779853777416736,0.14285714285714285,0.5963636363636363,0.11904761904761904,0.8135593220338984,0.7222222222222222,0.5
7048.0,13.0,45.1,14.4,210.0,4400.0,2008.0,2,0,0,0,1,1,0,0.9596533983211482,0.8571428571428571,0.4727272727272727,0.15476190476190485,0.6440677966101694,0.4722222222222222,0.5
6635.0,13.0,50.1,15.0,225.0,5000.0,2008.0,2,1,0,0,1,0,1,0.8478202003790956,0.8571428571428571,0.6545454545454545,0.22619047619047622,0.8983050847457628,0.6388888888888888,0.5
4924.0,9.0,46.5,14.4,217.0,4900.0,2008.0,2,0,0,0,1,1,0,0.3845112374763065,0.2857142857142857,0.5236363636363636,0.15476190476190485,0.7627118644067796,0.6111111111111112,0.5
7079.0,9.0,45.0,15.4,220.0,5050.0,2008.0,2,1,0,0,1,0,1,0.9680476577308421,0.2857142857142857,0.46909090909090906,0.2738095238095239,0.8135593220338984,0.6527777777777778,0.5
5341.0,11.0,43.8,13.9,208.0,4300.0,2008.0,2,0,0,0,1,1,0,0.4974275656647712,0.5714285714285714,0.4254545454545453,0.09523809523809532,0.6101694915254238,0.4444444444444444,0.5
6982.0,10.0,45.5,15.0,220.0,5000.0,2008.0,2,1,0,0,1,0,1,0.941781749255348,0.42857142857142855,0.48727272727272725,0.22619047619047622,0.8135593220338984,0.6388888888888888,0.5
4985.0,11.0,45.49412790697674,14.5,208.0,4450.0,2008.0,2,0,0,0,1,1,0,0.4010289737340915,0.5714285714285714,0.48705919661733604,0.1666666666666667,0.6101694915254238,0.4861111111111111,0.5
6261.0,13.0,50.4,15.3,224.0,5550.0,2008.0,2,1,0,0,1,0,1,0.7465475223395613,0.8571428571428571,0.6654545454545453,0.26190476190476203,0.8813559322033898,0.7916666666666666,0.5
4018.0,11.0,45.3,13.8,208.0,4200.0,2008.0,2,0,0,0,1,1,0,0.13918223666395885,0.5714285714285714,0.47999999999999987,0.08333333333333345,0.6101694915254238,0.4166666666666667,0.5
5288.0,14.0,46.2,14.9,221.0,5300.0,2008.0,2,1,0,0,1,0,1,0.48307608989981043,1.0,0.5127272727272728,0.21428571428571436,0.8305084745762712,0.7222222222222222,0.5
6350.0,8.0,45.7,18.02,214.0,4400.0,2008.0,2,0,0,0,1,1,0,0.7706471703222313,0.14285714285714285,0.4945454545454546,0.5857142857142856,0.711864406779661,0.4722222222222222,0.5
5737.0,13.0,54.3,15.7,231.0,5650.0,2008.0,2,1,0,0,1,0,1,0.6046574600595722,0.8571428571428571,0.8072727272727271,0.3095238095238095,1.0,0.8194444444444444,0.5
6027.0,10.0,45.8,14.2,219.0,4700.0,2008.0,2,0,0,0,1,1,0,0.6831844029244517,0.42857142857142855,0.498181818181818,0.1309523809523809,0.7966101694915254,0.5555555555555556,0.5
5679.0,7.0,49.8,16.8,230.0,5700.0,2008.0,2,1,0,0,1,0,1,0.5889520714865962,0.0,0.6436363636363635,0.4404761904761906,0.9830508474576272,0.8333333333333334,0.5
6017.0,14.0,46.2,14.4,214.0,4650.0,2008.0,2,1,0,0,1,0,1,0.6804765773084214,1.0,0.5127272727272728,0.15476190476190485,0.711864406779661,0.5416666666666666,0.5
5760.0,9.0,49.5,16.2,229.0,5800.0,2008.0,2,1,0,0,1,0,1,0.6108854589764419,0.2857142857142857,0.6327272727272727,0.369047619047619,0.9661016949152542,0.8611111111111112,0.5
4874.0,12.0,43.5,14.2,220.0,4700.0,2008.0,2,0,0,0,1,1,0,0.3709721093961549,0.7142857142857143,0.4145454545454545,0.1309523809523809,0.8135593220338984,0.5555555555555556,0.5
5404.0,13.0,50.7,15.0,223.0,5550.0,2008.0,2,1,0,0,1,0,1,0.5144868670457623,0.8571428571428571,0.6763636363636364,0.22619047619047622,0.864406779661017,0.7916666666666666,0.5
5537.0,11.0,47.7,15.0,216.0,4750.0,2008.0,2,0,0,0,1,1,0,0.5505009477389656,0.5714285714285714,0.5672727272727274,0.22619047619047622,0.7457627118644068,0.5694444444444444,0.5
5108.0,7.0,46.4,15.6,221.0,5000.0,2008.0,2,1,0,0,1,0,1,0.4343352288112646,0.0,0.5199999999999999,0.2976190476190476,0.8305084745762712,0.6388888888888888,0.5
5023.0,11.0,48.2,15.6,221.0,5100.0,2008.0,2,1,0,0,1,0,1,0.4113187110750068,0.5714285714285714,0.5854545454545456,0.2976190476190476,0.8305084745762712,0.6666666666666666,0.5
5924.0,12.0,46.5,14.8,217.0,5200.0,2008.0,0,0,1,0,0,1,0,0.6552937990793393,0.7142857142857143,0.5236363636363636,0.2023809523809525,0.7627118644067796,0.6944444444444444,0.5
7144.0,12.0,46.4,15.0,216.0,4700.0,2008.0,2,0,0,0,1,1,0,0.9856485242350392,0.7142857142857143,0.5199999999999999,0.22619047619047622,0.7457627118644068,0.5555555555555556,0.5
4718.0,12.0,48.6,16.0,230.0,5800.0,2008.0,2,1,0,0,1,0,1,0.3287300297860818,0.7142857142857143,0.6,0.3452380952380953,0.9830508474576272,0.8611111111111112,0.5
5191.0,9.0,47.5,18.02,197.76,4175.46,2008.0,2,0,0,0,1,1,0,0.4568101814243163,0.2857142857142857,0.5599999999999999,0.5857142857142856,0.43661016949152526,0.40985,0.5
4082.0,9.0,51.1,16.3,220.0,6000.0,2008.0,2,1,0,0,1,0,1,0.15651232060655293,0.2857142857142857,0.6909090909090909,0.38095238095238104,0.8135593220338984,0.9166666666666666,0.5
6765.0,9.0,45.2,13.8,215.0,4750.0,2008.0,2,0,0,0,1,1,0,0.8830219333874898,0.2857142857142857,0.47636363636363643,0.08333333333333345,0.7288135593220338,0.5694444444444444,0.5
5735.0,11.0,45.2,16.4,223.0,5950.0,2008.0,2,1,0,0,1,0,1,0.6041158949363661,0.5714285714285714,0.47636363636363643,0.39285714285714274,0.864406779661017,0.9027777777777778,0.5
5855.0,11.0,49.1,14.5,212.0,4625.0,2009.0,2,0,0,0,1,1,0,0.63660980232873,0.5714285714285714,0.6181818181818182,0.1666666666666667,0.6779661016949152,0.5347222222222222,1.0
4372.0,8.0,52.5,15.6,221.0,5450.0,2009.0,2,1,0,0,1,0,1,0.23503926347143245,0.14285714285714285,0.7418181818181818,0.2976190476190476,0.8305084745762712,0.7638888888888888,1.0
4085.0,11.0,47.4,14.6,212.0,4725.0,2009.0,2,0,0,0,1,1,0,0.15732466829136205,0.5714285714285714,0.5563636363636363,0.17857142857142858,0.6779661016949152,0.5625,1.0
4854.0,8.0,50.0,18.02,224.0,5350.0,2009.0,2,1,0,0,1,0,1,0.3655564581640942,0.14285714285714285,0.6509090909090909,0.5857142857142856,0.8813559322033898,0.7361111111111112,1.0
6207.0,9.0,44.9,13.8,212.0,4750.0,2009.0,2,0,0,0,1,1,0,0.7319252640129975,0.2857142857142857,0.46545454545454534,0.08333333333333345,0.6779661016949152,0.5694444444444444,1.0
5825.0,14.0,50.8,17.3,228.0,5600.0,2009.0,2,1,0,0,1,0,1,0.6284863254806391,1.0,0.6799999999999998,0.5000000000000001,0.9491525423728814,0.8055555555555556,1.0
4839.0,8.0,43.4,14.4,197.76476744186047,4600.0,2009.0,2,0,0,0,1,1,0,0.36149471974004876,0.14285714285714285,0.4109090909090908,0.15476190476190485,0.43669097359085546,0.5277777777777778,1.0
5446.0,9.0,51.3,14.2,218.0,5300.0,2009.0,2,1,0,0,1,0,1,0.5258597346330897,0.2857142857142857,0.698181818181818,0.1309523809523809,0.7796610169491526,0.7222222222222222,1.0
6359.0,9.0,47.5,14.0,212.0,4875.0,2009.0,2,0,0,0,1,1,0,0.7730842133766586,0.2857142857142857,0.5599999999999999,0.10714285714285718,0.6779661016949152,0.6041666666666666,1.0
4542.0,13.0,52.1,17.0,230.0,5550.0,2009.0,2,1,0,0,1,0,1,0.28107229894394803,0.8571428571428571,0.7272727272727273,0.4642857142857143,0.9830508474576272,0.7916666666666666,1.0
7110.0,13.0,47.5,15.0,218.0,4950.0,2009.0,2,0,0,0,1,1,0,0.9764419171405362,0.8571428571428571,0.5599999999999999,0.22619047619047622,0.7796610169491526,0.625,1.0
4150.0,7.0,52.2,17.1,228.0,5400.0,2009.0,2,1,0,0,1,0,1,0.17492553479555917,0.0,0.730909090909091,0.4761904761904764,0.9491525423728814,0.75,1.0
5944.0,11.0,45.5,14.5,212.0,4750.0,2009.0,2,0,0,0,1,1,0,0.6607094503113999,0.5714285714285714,0.48727272727272725,0.1666666666666667,0.6779661016949152,0.5694444444444444,1.0
5828.0,13.0,49.5,16.1,224.0,5650.0,2009.0,2,1,0,0,1,0,1,0.6292986731654482,0.8571428571428571,0.6327272727272727,0.3571428571428573,0.8813559322033898,0.8194444444444444,1.0
3698.0,14.0,44.5,14.7,214.0,4850.0,2009.0,2,0,0,0,1,1,0,0.05253181695098836,1.0,0.45090909090909087,0.19047619047619044,0.711864406779661,0.5972222222222222,1.0
4856.0,10.0,50.8,15.7,226.0,5200.0,2009.0,2,1,0,0,1,0,1,0.3660980232873003,0.42857142857142855,0.6799999999999998,0.3095238095238095,0.9152542372881356,0.6944444444444444,1.0
4660.0,10.0,49.4,15.8,216.0,4925.0,2009.0,2,1,0,0,1,0,1,0.31302464121310586,0.42857142857142855,0.629090909090909,0.32142857142857156,0.7457627118644068,0.6180555555555556,1.0
3681.0,10.0,46.9,14.6,222.0,4875.0,2009.0,2,0,0,0,1,1,0,0.0479285134037368,0.42857142857142855,0.5381818181818181,0.17857142857142858,0.847457627118644,0.6041666666666666,1.0
5068.0,8.0,48.4,14.4,203.0,4625.0,2009.0,2,0,0,0,1,1,0,0.42350392634714323,0.14285714285714285,0.5927272727272727,0.15476190476190485,0.5254237288135594,0.5347222222222222,1.0
5698.0,11.0,51.1,16.5,225.0,5250.0,2009.0,2,1,0,0,1,0,1,0.5940969401570538,0.5714285714285714,0.6909090909090909,0.40476190476190477,0.8983050847457628,0.7083333333333334,1.0
5284.0,8.0,48.5,15.0,219.0,4850.0,2009.0,2,0,0,0,1,1,0,0.48199295965339833,0.14285714285714285,0.5963636363636363,0.22619047619047622,0.7966101694915254,0.5972222222222222,1.0
4970.0,7.0,55.9,17.0,228.0,5600.0,2009.0,2,1,0,0,1,0,1,0.396967235310046,0.0,0.8654545454545454,0.4642857142857143,0.9491525423728814,0.8055555555555556,1.0
3526.0,14.0,47.2,15.5,215.0,4975.0,2009.0,2,0,0,0,1,1,0,0.005957216355266721,1.0,0.5490909090909092,0.28571428571428575,0.7288135593220338,0.6319444444444444,1.0
5551.0,7.0,49.1,15.0,228.0,5500.0,2009.0,2,1,0,0,1,0,1,0.5542919036014081,0.0,0.6181818181818182,0.22619047619047622,0.9491525423728814,0.7777777777777778,1.0
4470.0,9.0,47.3,13.8,216.0,4725.0,2009.0,2,1,0,0,1,0,1,0.26157595450852966,0.2857142857142857,0.5527272727272726,0.08333333333333345,0.7457627118644068,0.5625,1.0
6336.0,7.0,46.8,16.1,215.0,5500.0,2009.0,2,1,0,0,1,0,1,0.7668562144597888,0.0,0.5345454545454544,0.3571428571428573,0.7288135593220338,0.7777777777777778,1.0
3570.0,9.0,41.7,14.7,210.0,4700.0,2009.0,2,0,0,0,1,1,0,0.017871649065800164,0.2857142857142857,0.3490909090909091,0.19047619047619044,0.6440677966101694,0.5555555555555556,1.0
4854.0,12.0,53.4,15.8,219.0,5500.0,2009.0,2,1,0,0,1,0,1,0.3655564581640942,0.7142857142857143,0.7745454545454544,0.32142857142857156,0.7966101694915254,0.7777777777777778,1.0
3613.0,14.0,43.3,14.0,208.0,4575.0,2009.0,2,0,0,0,1,1,0,0.029515299214730572,1.0,0.4072727272727271,0.10714285714285718,0.6101694915254238,0.5208333333333334,1.0
3852.0,13.0,48.1,18.02,209.0,5500.0,2009.0,2,1,0,0,1,0,1,0.09423233143785541,0.8571428571428571,0.5818181818181818,0.5857142857142856,0.6271186440677966,0.7777777777777778,1.0
6471.0,12.0,50.5,15.2,216.0,5000.0,2009.0,2,0,0,0,1,1,0,0.8034118602761983,0.7142857142857143,0.6690909090909091,0.24999999999999994,0.7457627118644068,0.6388888888888888,1.0
5384.0,14.0,49.8,15.9,229.0,5950.0,2009.0,2,1,0,0,1,0,1,0.5090712158137016,1.0,0.6436363636363635,0.3333333333333334,0.9661016949152542,0.9027777777777778,1.0
5207.0,10.0,43.5,15.2,213.0,4650.0,2009.0,2,0,0,0,1,1,0,0.4611427024099648,0.42857142857142855,0.4145454545454545,0.24999999999999994,0.6949152542372882,0.5416666666666666,1.0
3705.0,13.0,51.5,16.3,230.0,5500.0,2009.0,2,1,0,0,1,0,1,0.054427294882209584,0.8571428571428571,0.7054545454545454,0.38095238095238104,0.9830508474576272,0.7777777777777778,1.0
3856.0,7.0,46.2,14.1,217.0,4375.0,2009.0,2,0,0,0,1,1,0,0.09531546168426754,0.0,0.5127272727272728,0.11904761904761904,0.7627118644067796,0.4652777777777778,1.0
6077.0,7.0,55.1,16.0,230.0,5850.0,2009.0,2,1,0,0,1,0,1,0.6967235310046033,0.0,0.8363636363636363,0.3452380952380953,0.9830508474576272,0.875,1.0
3594.0,8.0,44.5,15.7,217.0,4875.0,2009.0,2,1,0,0,1,0,1,0.024370430544272948,0.14285714285714285,0.45090909090909087,0.3095238095238095,0.7627118644067796,0.6041666666666666,1.0
5000.0,13.0,48.8,16.2,222.0,6000.0,2009.0,2,1,0,0,1,0,1,0.405090712158137,0.8571428571428571,0.6072727272727271,0.369047619047619,0.847457627118644,0.9166666666666666,1.0
6812.0,11.0,47.2,13.7,214.0,4925.0,2009.0,2,0,0,0,1,1,0,0.8957487137828324,0.5714285714285714,0.5490909090909092,0.07142857142857138,0.711864406779661,0.6180555555555556,1.0
4040.0,13.0,45.49,18.02,197.76,4175.46,2009.0,2,1,0,0,1,0,1,0.14513945301922557,0.8571428571428571,0.4869090909090909,0.5857142857142856,0.43661016949152526,0.40985,1.0
5054.0,9.0,46.8,14.3,215.0,4850.0,2009.0,2,0,0,0,1,1,0,0.4197129704847008,0.2857142857142857,0.5345454545454544,0.142857142857143,0.7288135593220338,0.5972222222222222,1.0
7142.0,7.0,50.4,15.7,222.0,5750.0,2009.0,2,1,0,0,1,0,1,0.9851069591118332,0.0,0.6654545454545453,0.3095238095238095,0.847457627118644,0.8472222222222222,1.0
4655.0,7.0,45.2,14.8,212.0,5200.0,2009.0,2,0,0,0,1,1,0,0.3116707284050907,0.0,0.47636363636363643,0.2023809523809525,0.6779661016949152,0.6944444444444444,1.0
6622.0,10.0,49.9,16.1,213.0,5400.0,2009.0,2,1,0,0,1,0,1,0.8443000270782561,0.42857142857142855,0.6472727272727272,0.3571428571428573,0.6949152542372882,0.75,1.0
4901.0,8.0,46.5,17.9,192.0,3500.0,2007.0,1,0,0,1,0,1,0,0.3782832385594368,0.14285714285714285,0.5236363636363636,0.5714285714285713,0.3389830508474576,0.2222222222222222,0.0
3931.0,7.0,50.0,19.5,196.0,3900.0,2007.0,1,1,0,1,0,0,1,0.11562415380449499,0.0,0.6509090909090909,0.7619047619047619,0.4067796610169492,0.3333333333333333,0.0
4447.0,14.0,51.3,19.2,193.0,3650.0,2007.0,1,1,0,1,0,0,1,0.2553479555916599,1.0,0.698181818181818,0.7261904761904762,0.3559322033898305,0.2638888888888889,0.0
5337.0,9.0,45.49412790697674,18.7,197.76,3525.0,2007.0,1,0,0,1,0,1,0,0.49634443541835904,0.2857142857142857,0.48705919661733604,0.6666666666666666,0.43661016949152526,0.22916666666666666,0.0
4923.0,14.0,52.7,19.8,197.0,3725.0,2007.0,1,1,0,1,0,0,1,0.3842404549147035,1.0,0.7490909090909091,0.7976190476190477,0.423728813559322,0.2847222222222222,0.0
3923.0,7.0,45.2,17.8,198.0,3950.0,2007.0,1,0,0,1,0,1,0,0.11345789331167073,0.0,0.47636363636363643,0.5595238095238096,0.4406779661016949,0.3472222222222222,0.0
4825.0,12.0,46.1,18.2,178.0,3250.0,2007.0,1,0,0,1,0,1,0,0.3577037638776063,0.7142857142857143,0.509090909090909,0.6071428571428571,0.1016949152542373,0.1527777777777778,0.0
6791.0,14.0,51.3,18.2,197.76,4175.463081395348,2007.0,1,1,0,1,0,0,1,0.8900622799891686,1.0,0.698181818181818,0.6071428571428571,0.43661016949152526,0.40985085594315224,0.0
6177.0,8.0,46.0,18.9,195.0,4150.0,2007.0,1,0,0,1,0,1,0,0.7238017871649066,0.14285714285714285,0.5054545454545454,0.6904761904761904,0.3898305084745763,0.4027777777777778,0.0
4649.0,8.0,51.3,19.9,198.0,3700.0,2007.0,1,1,0,1,0,0,1,0.3100460330354725,0.14285714285714285,0.698181818181818,0.8095238095238093,0.4406779661016949,0.2777777777777778,0.0
3941.0,9.0,46.6,17.8,193.0,3800.0,2007.0,1,0,0,1,0,1,0,0.11833197942052531,0.2857142857142857,0.5272727272727272,0.5595238095238096,0.3559322033898305,0.3055555555555556,0.0
5647.0,11.0,51.7,20.3,194.0,3775.0,2007.0,1,1,0,1,0,0,1,0.5802870295152992,0.5714285714285714,0.7127272727272728,0.8571428571428572,0.3728813559322034,0.2986111111111111,0.0
6331.0,11.0,47.0,17.3,185.0,3700.0,2007.0,1,0,0,1,0,1,0,0.7655023016517736,0.5714285714285714,0.5418181818181818,0.5000000000000001,0.22033898305084745,0.2777777777777778,0.0
5708.0,8.0,52.0,18.1,201.0,4050.0,2007.0,1,1,0,1,0,0,1,0.5968047657730842,0.14285714285714285,0.7236363636363636,0.5952380952380955,0.4915254237288136,0.375,0.0
4424.0,11.0,45.9,17.1,190.0,3575.0,2007.0,1,0,0,1,0,1,0,0.24911995667479014,0.5714285714285714,0.5018181818181817,0.4761904761904764,0.3050847457627119,0.24305555555555555,0.0
6301.0,10.0,50.5,19.6,201.0,4050.0,2007.0,1,1,0,1,0,0,1,0.7573788248036827,0.42857142857142855,0.6690909090909091,0.773809523809524,0.4915254237288136,0.375,0.0
4418.0,11.0,50.3,20.0,197.0,3300.0,2007.0,1,1,0,1,0,0,1,0.24749526130517194,0.5714285714285714,0.6618181818181816,0.8214285714285714,0.423728813559322,0.16666666666666666,0.0
3773.0,10.0,58.0,17.8,181.0,3700.0,2007.0,1,0,0,1,0,1,0,0.07284050907121581,0.42857142857142855,0.9418181818181818,0.5595238095238096,0.15254237288135594,0.2777777777777778,0.0
5105.0,11.0,46.4,18.6,190.0,3450.0,2007.0,1,0,0,1,0,1,0,0.4335228811264555,0.5714285714285714,0.5199999999999999,0.654761904761905,0.3050847457627119,0.20833333333333334,0.0
3916.0,10.0,49.2,18.2,195.0,4400.0,2007.0,1,1,0,1,0,0,1,0.1115624153804495,0.42857142857142855,0.6218181818181818,0.6071428571428571,0.3898305084745763,0.4722222222222222,0.0
6488.0,12.0,42.4,17.3,181.0,3600.0,2007.0,1,0,0,1,0,1,0,0.8080151638234497,0.7142857142857143,0.37454545454545446,0.5000000000000001,0.15254237288135594,0.25,0.0
4843.0,9.0,48.5,17.5,197.76476744186047,3400.0,2007.0,1,1,0,1,0,0,1,0.36257784998646087,0.2857142857142857,0.5963636363636363,0.5238095238095238,0.43669097359085546,0.19444444444444445,0.0
5208.0,14.0,43.2,16.6,187.0,2900.0,2007.0,1,0,0,1,0,1,0,0.4614134849715678,1.0,0.4036363636363637,0.41666666666666685,0.2542372881355932,0.05555555555555555,0.0
4342.0,14.0,50.6,19.4,193.0,3800.0,2007.0,1,1,0,1,0,0,1,0.22691578662334147,1.0,0.6727272727272727,0.7499999999999999,0.3559322033898305,0.3055555555555556,0.0
5053.0,9.0,46.7,17.9,195.0,3300.0,2007.0,1,0,0,1,0,1,0,0.41944218792309773,0.2857142857142857,0.530909090909091,0.5714285714285713,0.3898305084745763,0.16666666666666666,0.0
3791.0,9.0,52.0,19.0,197.0,4150.0,2007.0,1,1,0,1,0,0,1,0.0777145951800704,0.2857142857142857,0.7236363636363636,0.7023809523809524,0.423728813559322,0.4027777777777778,0.0
4002.0,13.0,50.5,18.4,200.0,3400.0,2008.0,1,0,0,1,0,1,0,0.1348497156783103,0.8571428571428571,0.6690909090909091,0.6309523809523808,0.4745762711864407,0.19444444444444445,0.5
6149.0,9.0,49.5,19.0,200.0,3800.0,2008.0,1,1,0,1,0,0,1,0.7162198754400216,0.2857142857142857,0.6327272727272727,0.7023809523809524,0.4745762711864407,0.3055555555555556,0.5
6988.0,7.0,46.4,17.8,191.0,3700.0,2008.0,1,0,0,1,0,1,0,0.9434064446249661,0.0,0.5199999999999999,0.5595238095238096,0.3220338983050847,0.2777777777777778,0.5
4015.0,10.0,52.8,20.0,205.0,4550.0,2008.0,1,1,0,1,0,0,1,0.13836988897914973,0.42857142857142855,0.7527272727272726,0.8214285714285714,0.559322033898305,0.5138888888888888,0.5
5249.0,7.0,40.9,16.6,187.0,3200.0,2008.0,1,0,0,1,0,1,0,0.47251556999729216,0.0,0.3199999999999999,0.41666666666666685,0.2542372881355932,0.1388888888888889,0.5
3620.0,8.0,54.2,20.8,201.0,4300.0,2008.0,1,1,0,1,0,0,1,0.0314107771459518,0.14285714285714285,0.8036363636363637,0.9166666666666667,0.4915254237288136,0.4444444444444444,0.5
6922.0,11.0,42.5,16.7,187.0,3350.0,2008.0,1,0,0,1,0,1,0,0.925534795559166,0.5714285714285714,0.3781818181818181,0.4285714285714285,0.2542372881355932,0.18055555555555555,0.5
5454.0,10.0,51.0,18.8,203.0,4100.0,2008.0,1,1,0,1,0,0,1,0.5280259951259139,0.42857142857142855,0.6872727272727273,0.6785714285714287,0.5254237288135594,0.3888888888888889,0.5
4315.0,10.0,49.7,18.6,195.0,3600.0,2008.0,1,1,0,1,0,0,1,0.21960465746005958,0.42857142857142855,0.64,0.654761904761905,0.3898305084745763,0.25,0.5
4746.0,10.0,47.5,16.8,199.0,3900.0,2008.0,1,0,0,1,0,1,0,0.3363119415109667,0.42857142857142855,0.5599999999999999,0.4404761904761906,0.4576271186440678,0.3333333333333333,0.5
5959.0,14.0,47.6,18.3,197.76,3850.0,2008.0,1,0,0,1,0,1,0,0.6647711887354454,1.0,0.5636363636363636,0.6190476190476192,0.43661016949152526,0.3194444444444444,0.5
4980.0,13.0,52.0,20.7,210.0,4800.0,2008.0,1,1,0,1,0,0,1,0.39967506092607635,0.8571428571428571,0.7236363636363636,0.9047619047619047,0.6440677966101694,0.5833333333333334,0.5
3816.0,7.0,46.9,16.6,192.0,2700.0,2008.0,1,0,0,1,0,1,0,0.08448415922014622,0.0,0.5381818181818181,0.41666666666666685,0.3389830508474576,0.0,0.5
4439.0,13.0,53.5,19.9,205.0,4500.0,2008.0,1,1,0,1,0,0,1,0.25318169509883565,0.8571428571428571,0.7781818181818181,0.8095238095238093,0.559322033898305,0.5,0.5
4579.0,9.0,49.0,19.5,210.0,3950.0,2008.0,1,1,0,1,0,0,1,0.2910912537232602,0.2857142857142857,0.6145454545454545,0.7619047619047619,0.6440677966101694,0.3472222222222222,0.5
6533.0,8.0,46.2,17.5,187.0,3650.0,2008.0,1,0,0,1,0,1,0,0.8202003790955863,0.14285714285714285,0.5127272727272728,0.5238095238095238,0.2542372881355932,0.2638888888888889,0.5
6385.0,13.0,50.9,19.1,196.0,3550.0,2008.0,1,1,0,1,0,0,1,0.7801245599783374,0.8571428571428571,0.6836363636363635,0.7142857142857144,0.4067796610169492,0.2361111111111111,0.5
4669.0,13.0,45.5,18.02,196.0,4175.463081395348,2008.0,0,0,1,0,0,1,0,0.3154616842675332,0.8571428571428571,0.48727272727272725,0.5857142857142856,0.4067796610169492,0.40985085594315224,0.5
3574.0,14.0,50.9,17.9,196.0,3675.0,2009.0,1,0,0,1,0,1,0,0.018954779312212292,1.0,0.6836363636363635,0.5714285714285713,0.4067796610169492,0.2708333333333333,1.0
7197.0,14.0,50.8,18.5,201.0,4450.0,2009.0,1,1,0,1,0,0,1,1.0,1.0,0.6799999999999998,0.6428571428571429,0.4915254237288136,0.4861111111111111,1.0
3802.0,9.0,45.49412790697674,17.9,197.76476744186047,3400.0,2009.0,1,0,0,1,0,1,0,0.08069320335770376,0.2857142857142857,0.48705919661733604,0.5714285714285713,0.43669097359085546,0.19444444444444445,1.0
4261.0,14.0,49.0,19.6,212.0,4300.0,2009.0,1,1,0,1,0,0,1,0.2049823991334958,1.0,0.6145454545454545,0.773809523809524,0.6779661016949152,0.4444444444444444,1.0
3922.0,11.0,51.5,18.7,187.0,3250.0,2009.0,1,1,0,1,0,0,1,0.1131871107500677,0.5714285714285714,0.7054545454545454,0.6666666666666666,0.2542372881355932,0.1527777777777778,1.0
3690.0,10.0,49.8,17.3,198.0,3675.0,2009.0,1,0,0,1,0,1,0,0.050365556458164096,0.42857142857142855,0.6436363636363635,0.5000000000000001,0.4406779661016949,0.2708333333333333,1.0
5535.0,13.0,48.1,16.4,199.0,3325.0,2009.0,1,0,0,1,0,1,0,0.5499593826157595,0.8571428571428571,0.5818181818181818,0.39285714285714274,0.4576271186440678,0.1736111111111111,1.0
7008.0,10.0,51.4,19.0,201.0,3950.0,2009.0,1,1,0,1,0,0,1,0.9488220958570268,0.42857142857142855,0.7018181818181817,0.7023809523809524,0.4915254237288136,0.3472222222222222,1.0
5924.0,12.0,45.7,17.3,193.0,3600.0,2009.0,1,0,0,1,0,1,0,0.6552937990793393,0.7142857142857143,0.4945454545454546,0.5000000000000001,0.3559322033898305,0.25,1.0
3528.0,12.0,50.7,19.7,203.0,4050.0,2009.0,1,1,0,1,0,0,1,0.006498781478472786,0.7142857142857143,0.6763636363636364,0.7857142857142856,0.5254237288135594,0.375,1.0
4284.0,7.0,42.5,17.3,187.0,3350.0,2009.0,1,0,0,1,0,1,0,0.21121039805036557,0.0,0.3781818181818181,0.5000000000000001,0.2542372881355932,0.18055555555555555,1.0
6280.0,12.0,52.2,18.8,197.0,3450.0,2009.0,1,1,0,1,0,0,1,0.751692391010019,0.7142857142857143,0.730909090909091,0.6785714285714287,0.423728813559322,0.20833333333333334,1.0
6564.0,9.0,45.2,16.6,191.0,3250.0,2009.0,1,0,0,1,0,1,0,0.8285946385052803,0.2857142857142857,0.47636363636363643,0.41666666666666685,0.3220338983050847,0.1527777777777778,1.0
5405.0,8.0,49.3,19.9,203.0,4050.0,2009.0,1,1,0,1,0,0,1,0.5147576496073653,0.14285714285714285,0.6254545454545453,0.8095238095238093,0.5254237288135594,0.375,1.0
3893.0,7.0,50.2,18.8,202.0,3800.0,2009.0,1,1,0,1,0,0,1,0.10533441646357974,0.0,0.6581818181818182,0.6785714285714287,0.5084745762711864,0.3055555555555556,1.0
7195.0,13.0,45.49412790697674,19.4,194.0,3525.0,2009.0,1,0,0,1,0,1,0,0.999458434876794,0.8571428571428571,0.48705919661733604,0.7499999999999999,0.3728813559322034,0.22916666666666666,1.0
6700.0,7.0,51.9,19.5,206.0,3950.0,2009.0,1,1,0,1,0,0,1,0.8654210668832927,0.0,0.7199999999999999,0.7619047619047619,0.576271186440678,0.3472222222222222,1.0
4037.0,9.0,46.8,16.5,189.0,3650.0,2009.0,1,0,0,1,0,1,0,0.14432710533441645,0.2857142857142857,0.5345454545454544,0.40476190476190477,0.288135593220339,0.2638888888888889,1.0
3796.0,12.0,45.49,17.0,195.0,3650.0,2009.0,1,0,0,1,0,1,0,0.07906850798808557,0.7142857142857143,0.4869090909090909,0.4642857142857143,0.3898305084745763,0.2638888888888889,1.0
4826.0,11.0,55.8,19.8,207.0,4000.0,2009.0,1,1,0,1,0,0,1,0.35797454643920934,0.5714285714285714,0.8618181818181817,0.7976190476190477,0.5932203389830508,0.3611111111111111,1.0
4111.0,9.0,43.5,18.1,202.0,3400.0,2009.0,1,0,0,1,0,1,0,0.1643650148930409,0.2857142857142857,0.4145454545454545,0.5952380952380955,0.5084745762711864,0.19444444444444445,1.0
7049.0,10.0,49.6,18.2,193.0,3775.0,2009.0,1,1,0,1,0,0,1,0.9599241808827511,0.42857142857142855,0.6363636363636364,0.6071428571428571,0.3559322033898305,0.2986111111111111,1.0
4705.0,7.0,50.8,19.0,210.0,4100.0,2009.0,1,1,0,1,0,0,1,0.32520985648524237,0.0,0.6799999999999998,0.7023809523809524,0.6440677966101694,0.3888888888888889,1.0
6098.0,7.0,50.2,18.7,198.0,3775.0,2009.0,1,0,0,1,0,1,0,0.702409964798267,0.0,0.6581818181818182,0.6666666666666666,0.4406779661016949,0.2986111111111111,1.0
